{
    "parent": "item/end_portal_frame",
    "ambientocclusion": false,
    "textures": {
        "1": "item/bucket_model"
    },
    "elements": [
        {
            "from": [6, 9, 6],
            "to": [10, 9, 10],
            "shade": false,
            "faces": {
                "down": {"uv": [8, 8, 16, 16], "texture": "#1"}
            }
        },
        {
            "from": [4, 0, 4],
            "to": [12, 9, 12],
            "faces": {
                "north": {"uv": [0, 4, 4, 8], "texture": "#1"},
                "east": {"uv": [0, 4, 4, 8], "texture": "#1"},
                "south": {"uv": [0, 4, 4, 8], "texture": "#1"},
                "west": {"uv": [0, 4, 4, 8], "texture": "#1"},
                "up": {"uv": [4, 0, 8, 4], "texture": "#1"}
            }
        },
        {
            "from": [4, 0, 12],
            "to": [12, 9, 4],
            "faces": {
                "north": {"uv": [4.5, 7.5, 5, 8], "texture": "#1"},
                "east": {"uv": [4.5, 7.5, 5, 8], "texture": "#1"},
                "south": {"uv": [4.5, 7.5, 5, 8], "texture": "#1"},
                "west": {"uv": [4.5, 7.5, 5, 8], "texture": "#1"}
            }
        },
        {
            "from": [4, 0, 11],
            "to": [12, 9, 11],
            "faces": {
                "north": {"uv": [4, 4, 8, 8], "texture": "#1"},
                "south": {"uv": [4.5, 7.5, 5, 8], "texture": "#1"}
            }
        },
        {
            "from": [4, 0, 5],
            "to": [12, 9, 5],
            "faces": {
                "north": {"uv": [4.5, 7.5, 5, 8], "texture": "#1"},
                "south": {"uv": [4, 4, 8, 8], "texture": "#1"}
            }
        },
        {
            "from": [5, 0, 4],
            "to": [5, 9, 12],
            "faces": {
                "east": {"uv": [4, 4, 8, 8], "texture": "#1"},
                "west": {"uv": [4.5, 7.5, 5, 8], "texture": "#1"}
            }
        },
        {
            "from": [11, 0, 4],
            "to": [11, 9, 12],
            "faces": {
                "east": {"uv": [4.5, 7.5, 5, 8], "texture": "#1"},
                "west": {"uv": [4, 4, 8, 8], "texture": "#1"}
            }
        },
        {
            "from": [11, 9, 11],
            "to": [5, 1, 5],
            "faces": {
                "up": {"uv": [8.5, 4.5, 11.5, 7.5], "texture": "#1"}
            }
        },
        {
            "from": [5, 8, 5],
            "to": [11, 8, 11],
            "faces": {
                "north": {"uv": [0, 4, 4, 8], "texture": "#1"},
                "east": {"uv": [0, 4, 4, 8], "texture": "#1"},
                "south": {"uv": [0, 4, 4, 8], "texture": "#1"},
                "west": {"uv": [0, 4, 4, 8], "texture": "#1"},
                "up": {"uv": [8.5, 0.5, 11.5, 3.5], "texture": "#1"}
            }
        },
        {
            "from": [4, 9, 8],
            "to": [12, 14, 8],
            "faces": {
                "north": {"uv": [0, 0, 4, 2.5], "texture": "#1"},
                "south": {"uv": [0, 0, 4, 2.5], "texture": "#1"}
            }
        },
        {
            "from": [4, 0, 10],
            "to": [12, 1, 10],
            "faces": {
                "north": {"uv": [4.5, 7.5, 5, 8], "texture": "#1"},
                "south": {"uv": [4.5, 7.5, 5, 8], "texture": "#1"}
            }
        },
        {
            "from": [4, 0, 8],
            "to": [12, 1, 8],
            "faces": {
                "north": {"uv": [4.5, 7.5, 5, 8], "texture": "#1"},
                "south": {"uv": [4.5, 7.5, 5, 8], "texture": "#1"}
            }
        },
        {
            "from": [4, 0, 9],
            "to": [12, 1, 9],
            "faces": {
                "north": {"uv": [4.5, 7.5, 5, 8], "texture": "#1"},
                "south": {"uv": [4.5, 7.5, 5, 8], "texture": "#1"}
            }
        },
        {
            "from": [4, 0, 7],
            "to": [12, 1, 7],
            "faces": {
                "north": {"uv": [4.5, 7.5, 5, 8], "texture": "#1"},
                "south": {"uv": [4.5, 7.5, 5, 8], "texture": "#1"}
            }
        },
        {
            "from": [4, 0, 6],
            "to": [12, 1, 6],
            "faces": {
                "north": {"uv": [4.5, 7.5, 5, 8], "texture": "#1"},
                "south": {"uv": [4.5, 7.5, 5, 8], "texture": "#1"}
            }
        },
        {
            "from": [4, 0, 10.5],
            "to": [12, 1, 10.5],
            "faces": {
                "north": {"uv": [4.5, 7.5, 5, 8], "texture": "#1"},
                "south": {"uv": [4.5, 7.5, 5, 8], "texture": "#1"}
            }
        },
        {
            "from": [4, 0, 9.5],
            "to": [12, 1, 9.5],
            "faces": {
                "north": {"uv": [4.5, 7.5, 5, 8], "texture": "#1"},
                "south": {"uv": [4.5, 7.5, 5, 8], "texture": "#1"}
            }
        },
        {
            "from": [4, 0, 8.5],
            "to": [12, 1, 8.5],
            "faces": {
                "north": {"uv": [4.5, 7.5, 5, 8], "texture": "#1"},
                "south": {"uv": [4.5, 7.5, 5, 8], "texture": "#1"}
            }
        },
        {
            "from": [4, 0, 7.5],
            "to": [12, 1, 7.5],
            "faces": {
                "north": {"uv": [4.5, 7.5, 5, 8], "texture": "#1"},
                "south": {"uv": [4.5, 7.5, 5, 8], "texture": "#1"}
            }
        },
        {
            "from": [4, 0, 6.5],
            "to": [12, 1, 6.5],
            "faces": {
                "north": {"uv": [4.5, 7.5, 5, 8], "texture": "#1"},
                "south": {"uv": [4.5, 7.5, 5, 8], "texture": "#1"}
            }
        },
        {
            "from": [4, 0, 5.5],
            "to": [12, 1, 5.5],
            "faces": {
                "north": {"uv": [4.5, 7.5, 5, 8], "texture": "#1"},
                "south": {"uv": [4.5, 7.5, 5, 8], "texture": "#1"}
            }
        },
        {
            "from": [10.5, 0, 4],
            "to": [10.5, 1, 12],
            "faces": {
                "east": {"uv": [4.5, 7.5, 5, 8], "texture": "#1"},
                "west": {"uv": [4.5, 7.5, 5, 8], "texture": "#1"}
            }
        },
        {
            "from": [9.5, 0, 4],
            "to": [9.5, 1, 12],
            "faces": {
                "east": {"uv": [4.5, 7.5, 5, 8], "texture": "#1"},
                "west": {"uv": [4.5, 7.5, 5, 8], "texture": "#1"}
            }
        },
        {
            "from": [10, 0, 4],
            "to": [10, 1, 12],
            "faces": {
                "east": {"uv": [4.5, 7.5, 5, 8], "texture": "#1"},
                "west": {"uv": [4.5, 7.5, 5, 8], "texture": "#1"}
            }
        },
        {
            "from": [9, 0, 4],
            "to": [9, 1, 12],
            "faces": {
                "east": {"uv": [4.5, 7.5, 5, 8], "texture": "#1"},
                "west": {"uv": [4.5, 7.5, 5, 8], "texture": "#1"}
            }
        },
        {
            "from": [8.5, 0, 4],
            "to": [8.5, 1, 12],
            "faces": {
                "east": {"uv": [4.5, 7.5, 5, 8], "texture": "#1"},
                "west": {"uv": [4.5, 7.5, 5, 8], "texture": "#1"}
            }
        },
        {
            "from": [7.5, 0, 4],
            "to": [7.5, 1, 12],
            "faces": {
                "east": {"uv": [4.5, 7.5, 5, 8], "texture": "#1"},
                "west": {"uv": [4.5, 7.5, 5, 8], "texture": "#1"}
            }
        },
        {
            "from": [8, 0, 4],
            "to": [8, 1, 12],
            "faces": {
                "east": {"uv": [4.5, 7.5, 5, 8], "texture": "#1"},
                "west": {"uv": [4.5, 7.5, 5, 8], "texture": "#1"}
            }
        },
        {
            "from": [6.5, 0, 4],
            "to": [6.5, 1, 12],
            "faces": {
                "east": {"uv": [4.5, 7.5, 5, 8], "texture": "#1"},
                "west": {"uv": [4.5, 7.5, 5, 8], "texture": "#1"}
            }
        },
        {
            "from": [7, 0, 4],
            "to": [7, 1, 12],
            "faces": {
                "east": {"uv": [4.5, 7.5, 5, 8], "texture": "#1"},
                "west": {"uv": [4.5, 7.5, 5, 8], "texture": "#1"}
            }
        },
        {
            "from": [6, 0, 4],
            "to": [6, 1, 12],
            "faces": {
                "east": {"uv": [4.5, 7.5, 5, 8], "texture": "#1"},
                "west": {"uv": [4.5, 7.5, 5, 8], "texture": "#1"}
            }
        },
        {
            "from": [5.5, 0, 4],
            "to": [5.5, 1, 12],
            "faces": {
                "east": {"uv": [4.5, 7.5, 5, 8], "texture": "#1"},
                "west": {"uv": [4.5, 7.5, 5, 8], "texture": "#1"}
            }
        }
    ],
    "gui_light": "front",
    "display": {
        "thirdperson_righthand": {
            "rotation": [68, 0, 0],
            "translation": [0, 1, -1.25],
            "scale": [0.8, 0.8, 0.8]
        },
        "thirdperson_lefthand": {
            "rotation": [68, 0, 0],
            "translation": [0, 1, -1.25],
            "scale": [0.8, 0.8, 0.8]
        },
        "firstperson_righthand": {
            "rotation": [26, -41, 12],
            "translation": [1.75, 1.25, 0]
        },
        "firstperson_lefthand": {
            "rotation": [26, -41, 12],
            "translation": [1.75, 1.25, 0]
        },
        "ground": {
            "translation": [0, 5, 0],
            "scale": [0.6, 0.6, 0.6]
        },
        "head": {
            "rotation": [-157.75, 0, 0],
            "translation": [0, 3.5, 0.5],
            "scale": [2, 2, 2]
        },
        "fixed": {
            "rotation": [-90, 0, 0],
            "translation": [0, 0, -5],
            "scale": [0.7, 0.7, 0.7]
        }
    }
}
