{
    "credit": "Made with Blockbench",
    "parent": "item/end_portal_frame",
    "ambientocclusion": false,
    "textures": {
        "1": "item/firework_rocket"
    },
    "elements": [
        {
            "name": "gui",
            "from": [6, 21, 6],
            "to": [10, 21, 10],
            "shade": false,
            "rotation": {"angle": 0, "axis": "y", "origin": [8, 8, 8]},
            "faces": {
                "down": {"uv": [8, 8, 16, 16], "texture": "#1"}
            }
        },
        {
            "from": [5.5, 0, 5.5],
            "to": [10.5, 16, 10.5],
            "faces": {
                "north": {"uv": [1, 8, 3.5, 16], "texture": "#1"},
                "east": {"uv": [1, 8, 3.5, 16], "texture": "#1"},
                "south": {"uv": [1, 8, 3.5, 16], "texture": "#1"},
                "west": {"uv": [1, 8, 3.5, 16], "texture": "#1"}
            }
        },
        {
            "from": [10.5, 0, 5.5],
            "to": [5.5, 16, 10.5],
            "faces": {
                "north": {"uv": [3.5, 8, 4, 8.5], "texture": "#1"},
                "east": {"uv": [3.5, 8, 4, 8.5], "texture": "#1"},
                "south": {"uv": [3.5, 8, 4, 8.5], "texture": "#1"},
                "west": {"uv": [3.5, 8, 4, 8.5], "texture": "#1"}
            }
        },
        {
            "from": [12, 15, 4],
            "to": [4, 17, 12],
            "faces": {
                "north": {"uv": [3.5, 8, 4, 8.5], "texture": "#1"},
                "east": {"uv": [3.5, 8, 4, 8.5], "texture": "#1"},
                "south": {"uv": [3.5, 8, 4, 8.5], "texture": "#1"},
                "west": {"uv": [3.5, 8, 4, 8.5], "texture": "#1"}
            }
        },
        {
            "from": [11, 15, 5],
            "to": [5, 19, 11],
            "faces": {
                "north": {"uv": [3.5, 8, 4, 8.5], "texture": "#1"},
                "east": {"uv": [3.5, 8, 4, 8.5], "texture": "#1"},
                "south": {"uv": [3.5, 8, 4, 8.5], "texture": "#1"},
                "west": {"uv": [3.5, 8, 4, 8.5], "texture": "#1"}
            }
        },
        {
            "from": [10, 15, 6],
            "to": [6, 21, 10],
            "faces": {
                "north": {"uv": [3.5, 8, 4, 8.5], "texture": "#1"},
                "east": {"uv": [3.5, 8, 4, 8.5], "texture": "#1"},
                "south": {"uv": [3.5, 8, 4, 8.5], "texture": "#1"},
                "west": {"uv": [3.5, 8, 4, 8.5], "texture": "#1"}
            }
        },
        {
            "from": [4, 15, 4],
            "to": [12, 17, 12],
            "faces": {
                "north": {"uv": [0.5, 5, 4.5, 6], "texture": "#1"},
                "east": {"uv": [0.5, 5, 4.5, 6], "texture": "#1"},
                "south": {"uv": [0.5, 5, 4.5, 6], "texture": "#1"},
                "west": {"uv": [0.5, 5, 4.5, 6], "texture": "#1"},
                "up": {"uv": [5.5, 3.5, 9.5, 7.5], "texture": "#1"}
            }
        },
        {
            "from": [5, 17, 5],
            "to": [11, 19, 11],
            "faces": {
                "north": {"uv": [1, 4, 4, 5], "texture": "#1"},
                "east": {"uv": [1, 4, 4, 5], "texture": "#1"},
                "south": {"uv": [1, 4, 4, 5], "texture": "#1"},
                "west": {"uv": [1, 4, 4, 5], "texture": "#1"},
                "up": {"uv": [6, 4, 9, 7], "texture": "#1"}
            }
        },
        {
            "from": [6, 19, 6],
            "to": [10, 21, 10],
            "faces": {
                "north": {"uv": [1.5, 3, 3.5, 4], "texture": "#1"},
                "east": {"uv": [1.5, 3, 3.5, 4], "texture": "#1"},
                "south": {"uv": [1.5, 3, 3.5, 4], "texture": "#1"},
                "west": {"uv": [1.5, 3, 3.5, 4], "texture": "#1"},
                "up": {"uv": [6.5, 4.5, 8.5, 6.5], "texture": "#1"}
            }
        },
        {
            "from": [7, -6, 3.4],
            "to": [9, 10, 5.4],
            "faces": {
                "north": {"uv": [0, 8, 1, 16], "texture": "#1"},
                "east": {"uv": [0, 8, 1, 16], "texture": "#1"},
                "south": {"uv": [0, 8, 1, 16], "texture": "#1"},
                "west": {"uv": [0, 8, 1, 16], "texture": "#1"},
                "up": {"uv": [0, 8, 1, 9], "texture": "#1"}
            }
        },
        {
            "from": [7, -6, 4.9],
            "to": [9, 10, 2.9],
            "faces": {
                "north": {"uv": [0, 15.5, 0.5, 16], "texture": "#1"},
                "east": {"uv": [0, 15.5, 0.5, 16], "texture": "#1"},
                "south": {"uv": [0, 15.5, 0.5, 16], "texture": "#1"},
                "west": {"uv": [0, 15.5, 0.5, 16], "texture": "#1"}
            }
        },
        {
            "from": [10, 0, -6.5],
            "to": [10, 16, 5.5],
            "rotation": {"angle": -22.5, "axis": "y", "origin": [10, 0, 5]},
            "faces": {
                "east": {"uv": [10, 0, 16, 8], "texture": "#1"},
                "west": {"uv": [16, 0, 10, 8], "texture": "#1"}
            }
        }
    ],
    "gui_light": "front",
    "display": {
        "thirdperson_righthand": {
            "rotation": [68, 0, 0],
            "translation": [0, 1, -1.25],
            "scale": [0.55, 0.55, 0.55]
        },
        "thirdperson_lefthand": {
            "rotation": [-121.05, 0.73, 180],
            "translation": [-6, -12, 7.5],
            "scale": [0.8, 0.8, 0.8]
        },
        "firstperson_righthand": {
            "rotation": [-12, -44.5, -15],
            "translation": [1.75, 1.25, 0.5],
            "scale": [0.43, 0.43, 0.43]
        },
        "firstperson_lefthand": {
            "rotation": [-12, -44.5, -15],
            "translation": [1.75, 1.25, 0.5],
            "scale": [0.43, 0.43, 0.43]
        },
        "ground": {
            "translation": [0, 3.25, 0],
            "scale": [0.5, 0.5, 0.5]
        },
        "gui": {
            "rotation": [-90, 0, 0],
            "scale": [4, 4, 4]
        },
        "fixed": {
            "rotation": [0.5, -90, 0],
            "translation": [0, 0, 0],
            "scale": [0.5, 0.5, 0.5]
        }
    },
    "groups": [
        {
            "name": "firework_rocket",
            "origin": [8, 8, 8],
            "color": 0,
            "children": [0, 1, 2, 3, 4, 5, 6, 7, 8, 9, 10, 11]
        }
    ]
}
