{
    "credit": "Made with Blockbench",
    "parent": "block/block",
    "ambientocclusion": false,
    "textures": {
        "2": "item/flower_pot",
        "particle": "block/flower_pot",
        "flowerpot": "block/flower_pot",
        "dirt": "block/dirt"
    },
    "elements": [
        {
            "name": "gui",
            "from": [6, 0, 6],
            "to": [10, 0, 10],
            "shade": false,
            "rotation": {"angle": 0, "axis": "y", "origin": [8, 8, 8]},
            "faces": {
                "down": {"uv": [0, 0, 16, 16], "texture": "#2"}
            }
        },
        {
            "from": [6, 6, 6],
            "to": [10, 4, 10],
            "faces": {
                "north": {"uv": [6, 13, 10, 11], "texture": "#flowerpot"},
                "east": {"uv": [6, 13, 10, 11], "texture": "#flowerpot"},
                "south": {"uv": [6, 13, 10, 11], "texture": "#flowerpot"},
                "west": {"uv": [6, 13, 10, 11], "texture": "#flowerpot"},
                "up": {"uv": [0, 0, 4, 4], "texture": "#dirt"}
            }
        },
        {
            "from": [5, 0, 5],
            "to": [11, 6, 11],
            "faces": {
                "north": {"uv": [5, 10, 11, 16], "texture": "#flowerpot"},
                "east": {"uv": [5, 10, 11, 16], "texture": "#flowerpot"},
                "south": {"uv": [5, 10, 11, 16], "texture": "#flowerpot"},
                "west": {"uv": [5, 10, 11, 16], "texture": "#flowerpot"},
                "up": {"uv": [5, 5, 11, 11], "texture": "#flowerpot"}
            }
        }
    ],
    "gui_light": "front",
    "display": {
        "thirdperson_righthand": {
            "rotation": [56.5, 0, 0],
            "translation": [0, 3.75, 3.25],
            "scale": [0.85, 0.85, 0.85]
        },
        "thirdperson_lefthand": {
            "rotation": [56.5, 0, 0],
            "translation": [0, 3.75, 3.25],
            "scale": [0.85, 0.85, 0.85]
        },
        "firstperson_righthand": {
            "rotation": [-171, -11.5, 176],
            "translation": [-0.5, 5.25, 3],
            "scale": [0.62, 0.62, 0.62]
        },
        "firstperson_lefthand": {
            "rotation": [-171, -11.5, 176],
            "translation": [-0.5, 5.25, 3],
            "scale": [0.62, 0.62, 0.62]
        },
        "ground": {
            "translation": [0, 4, 0],
            "scale": [0.97, 0.97, 0.97]
        },
        "gui": {
            "rotation": [270, 0, 0],
            "scale": [4, 1.4, 4]
        },
        "head": {
            "translation": [0, 14.75, 0.5],
            "scale": [1.05, 1.05, 1.05]
        },
        "fixed": {
            "rotation": [-90, 0, 0],
            "translation": [0, 0, -5],
            "scale": [1, 1, 1]
        }
    }
}
