{
    "credit": "Made with Blockbench",
    "parent": "item/end_portal_frame",
    "ambientocclusion": false,
    "textures": {
        "1": "item/golden_boots",
        "lantern": "models/armor/gold_layer_1"
    },
    "elements": [
        {
            "from": [13, 0, 5],
            "to": [7, 12, 11],
            "rotation": {"angle": 0, "axis": "y", "origin": [0, 21, 0]},
            "faces": {
                "north": {"uv": [2, 10, 1, 16], "texture": "#lantern"},
                "east": {"uv": [2, 10, 3, 16], "texture": "#lantern"},
                "south": {"uv": [4, 10, 3, 16], "texture": "#lantern"},
                "west": {"uv": [0, 10, 1, 16], "texture": "#lantern"},
                "down": {"uv": [2, 8, 3, 10], "texture": "#lantern"}
            }
        },
        {
            "name": "gui",
            "from": [6, 0, 6],
            "to": [10, 0, 10],
            "shade": false,
            "rotation": {"angle": 0, "axis": "y", "origin": [8, 8, 8]},
            "faces": {
                "down": {"uv": [0, 0, 16, 16], "texture": "#1"}
            }
        },
        {
            "from": [7, 0, 5],
            "to": [13, 12, 11],
            "rotation": {"angle": 0, "axis": "y", "origin": [0, 21, 0]},
            "faces": {
                "north": {"uv": [1, 10, 2, 16], "texture": "#lantern"},
                "east": {"uv": [0, 10, 1, 16], "texture": "#lantern"},
                "south": {"uv": [3, 10, 4, 16], "texture": "#lantern"},
                "west": {"uv": [2, 10, 3, 16], "texture": "#lantern"},
                "up": {"uv": [1, 8, 2, 10], "rotation": 90, "texture": "#lantern"}
            }
        },
        {
            "from": [9, 0, 5],
            "to": [3, 12, 11],
            "rotation": {"angle": 0, "axis": "y", "origin": [0, 21, 0]},
            "faces": {
                "north": {"uv": [1, 10, 2, 16], "texture": "#lantern"},
                "east": {"uv": [0, 10, 1, 16], "texture": "#lantern"},
                "south": {"uv": [3, 10, 4, 16], "texture": "#lantern"},
                "west": {"uv": [2, 10, 3, 16], "texture": "#lantern"},
                "down": {"uv": [2, 8, 3, 10], "texture": "#lantern"}
            }
        },
        {
            "from": [3, 0, 5],
            "to": [9, 12, 11],
            "rotation": {"angle": 0, "axis": "y", "origin": [0, 21, 0]},
            "faces": {
                "north": {"uv": [2, 10, 1, 16], "texture": "#lantern"},
                "east": {"uv": [2, 10, 3, 16], "texture": "#lantern"},
                "south": {"uv": [4, 10, 3, 16], "texture": "#lantern"},
                "west": {"uv": [0, 10, 1, 16], "texture": "#lantern"},
                "up": {"uv": [2, 8, 1, 10], "rotation": 90, "texture": "#lantern"}
            }
        }
    ],
    "gui_light": "front",
    "display": {
        "thirdperson_righthand": {
            "rotation": [90, -64, 0],
            "translation": [0, -1.5, 2.5],
            "scale": [0.75, 0.75, 0.75]
        },
        "thirdperson_lefthand": {
            "rotation": [90, -64, 0],
            "translation": [0, -1.5, 2.5],
            "scale": [0.75, 0.75, 0.75]
        },
        "firstperson_righthand": {
            "rotation": [162.5, 48, -170],
            "translation": [-1, 6.5, 2],
            "scale": [0.5, 0.5, 0.5]
        },
        "firstperson_lefthand": {
            "rotation": [162.5, 48, -170],
            "translation": [-1, 6.5, 2],
            "scale": [0.5, 0.5, 0.5]
        },
        "ground": {
            "translation": [0, 3.25, 0]
        },
        "fixed": {
            "rotation": [0, 0, 0],
            "translation": [0, 2, 0],
            "scale": [1, 1, 1]
        }
    }
}
