{
    "parent": "item/end_portal_frame",
    "ambientocclusion": false,
    "textures": {
        "1": "item/potion_model",
        "particle": "item/glass_bottle"
    },
    "elements": [
        {
            "from": [6, 0, 6],
            "to": [10, 0, 10],
            "shade": false,
            "faces": {
                "down": {"uv": [8, 8, 16, 16], "texture": "#1"}
            }
        },
        {
            "from": [6, 0, 6],
            "to": [10, 0, 10],
            "shade": false,
            "faces": {
                "down": {"uv": [0, 8, 8, 16], "texture": "#1", "tintindex": 0}
            }
        },
        {
            "from": [5, 0, 5],
            "to": [11, 6, 11],
            "faces": {
                "north": {"uv": [5, 5, 8, 8], "texture": "#1"},
                "east": {"uv": [5, 5, 8, 8], "texture": "#1"},
                "south": {"uv": [5, 5, 8, 8], "texture": "#1"},
                "west": {"uv": [5, 5, 8, 8], "texture": "#1"},
                "up": {"uv": [5, 2, 8, 5], "texture": "#1"}
            }
        },
        {
            "from": [6, 6, 6],
            "to": [10, 8, 10],
            "faces": {
                "north": {"uv": [3, 7, 5, 8], "texture": "#1"},
                "east": {"uv": [3, 7, 5, 8], "texture": "#1"},
                "south": {"uv": [3, 7, 5, 8], "texture": "#1"},
                "west": {"uv": [3, 7, 5, 8], "texture": "#1"},
                "up": {"uv": [3, 5.5, 5, 7.5], "texture": "#1"}
            }
        },
        {
            "from": [7, 8, 7],
            "to": [9, 12, 9],
            "faces": {
                "north": {"uv": [3.5, 3.5, 4.5, 5.5], "texture": "#1"},
                "east": {"uv": [3.5, 3.5, 4.5, 5.5], "texture": "#1"},
                "south": {"uv": [3.5, 3.5, 4.5, 5.5], "texture": "#1"},
                "west": {"uv": [3.5, 3.5, 4.5, 5.5], "texture": "#1"},
                "up": {"uv": [3.5, 3.5, 4.5, 4.5], "texture": "#1"}
            }
        },
        {
            "from": [6.5, 10, 6.5],
            "to": [9.5, 11, 9.5],
            "faces": {
                "north": {"uv": [3, 3, 5, 3.5], "texture": "#1"},
                "east": {"uv": [3, 3, 5, 3.5], "texture": "#1"},
                "south": {"uv": [3, 3, 5, 3.5], "texture": "#1"},
                "west": {"uv": [3, 3, 5, 3.5], "texture": "#1"},
                "up": {"uv": [3, 1.5, 5, 3.5], "texture": "#1"}
            }
        },
        {
            "from": [5.1, 0, 5.1],
            "to": [10.9, 5.9, 10.9],
            "faces": {
                "north": {"uv": [0, 0, 2.5, 2.5], "texture": "#1", "tintindex": 0},
                "east": {"uv": [0, 0, 2.5, 2.5], "texture": "#1", "tintindex": 0},
                "south": {"uv": [0, 0, 2.5, 2.5], "texture": "#1", "tintindex": 0},
                "west": {"uv": [0, 0, 2.5, 2.5], "texture": "#1", "tintindex": 0},
                "up": {"uv": [0, 0, 2.5, 2.5], "texture": "#1", "tintindex": 0}
            }
        }
    ],
    "gui_light": "front",
    "display": {
        "thirdperson_righthand": {
            "rotation": [68, 0, 0],
            "translation": [0, 2, 3.25],
            "scale": [0.63, 0.63, 0.63]
        },
        "thirdperson_lefthand": {
            "rotation": [68, 0, 0],
            "translation": [0, 2, 3.25],
            "scale": [0.63, 0.63, 0.63]
        },
        "firstperson_righthand": {
            "rotation": [4.5, -41, 12],
            "translation": [2.5, 2, 0]
        },
        "firstperson_lefthand": {
            "rotation": [4.5, -41, 12],
            "translation": [2.5, 2, 0]
        },
        "ground": {
            "translation": [0, 5, 0],
            "scale": [0.6, 0.6, 0.6]
        },
        "gui": {
            "rotation": [270, 0, 0],
            "scale": [4, 1.4, 4]
        },
        "head": {
            "rotation": [12.5, 0, 0],
            "translation": [0, -8.5, -7.25],
            "scale": [0.99, 0.99, 0.99]
        },
        "fixed": {
            "rotation": [0, 0, 0],
            "translation": [0, 2, 0],
            "scale": [1, 1, 1]
        }
    }
}
