{
    "ambientocclusion": false,
    "textures": {
        "2": "block/torch",
        "layer0": "item/torch",
        "torch_flame_e": "block/torch_flame"
    },
    "elements": [
        {
            "name": "gui",
            "from": [0.26447, -0.3934, 6],
            "to": [0.26447, 3.6066, 10],
            "shade": false,
            "rotation": {"angle": 45, "axis": "z", "origin": [4.46447, 1.6066, 8]},
            "faces": {
                "east": {"uv": [0, 0, 16, 16], "texture": "#layer0"}
            }
        },
        {
            "name": "torch",
            "from": [10, -4, 4],
            "to": [32, 0, 12],
            "shade": false,
            "rotation": {"angle": 45, "axis": "z", "origin": [5, -12, 9]},
            "faces": {
                "up": {"uv": [6, 5, 10, 16], "rotation": 90, "texture": "#2"},
                "down": {"uv": [6, 5, 10, 16], "rotation": 90, "texture": "#2"}
            }
        },
        {
            "name": "torch",
            "from": [10, 0, 4],
            "to": [32, -4, 12],
            "shade": false,
            "rotation": {"angle": 45, "axis": "z", "origin": [5, -12, 9]},
            "faces": {
                "up": {"uv": [6, 5, 10, 16], "rotation": 90, "texture": "#2"},
                "down": {"uv": [6, 5, 10, 16], "rotation": 90, "texture": "#2"}
            }
        },
        {
            "name": "torch",
            "from": [10, -6, 6],
            "to": [32, 2, 10],
            "shade": false,
            "rotation": {"angle": 45, "axis": "z", "origin": [5, -12, 9]},
            "faces": {
                "north": {"uv": [6, 5, 10, 16], "rotation": 270, "texture": "#2"},
                "south": {"uv": [6, 5, 10, 16], "rotation": 90, "texture": "#2"}
            }
        },
        {
            "name": "torch",
            "from": [10, -6, 10],
            "to": [32, 2, 6],
            "shade": false,
            "rotation": {"angle": 45, "axis": "z", "origin": [5, -12, 9]},
            "faces": {
                "north": {"uv": [6, 5, 10, 16], "rotation": 270, "texture": "#2"},
                "south": {"uv": [6, 5, 10, 16], "rotation": 90, "texture": "#2"}
            }
        },
        {
            "name": "cross",
            "from": [6.22843, 8.2, 8],
            "to": [22.22843, 24.2, 8],
            "shade": false,
            "rotation": {"angle": -45, "axis": "y", "origin": [14.22843, 12.2, 8]},
            "faces": {
                "south": {"uv": [0, 0, 16, 16], "texture": "#torch_flame_e"}
            }
        },
        {
            "name": "cross",
            "from": [14.22843, 8.2, 0],
            "to": [14.22843, 24.2, 16],
            "shade": false,
            "rotation": {"angle": -45, "axis": "y", "origin": [14.22843, 12.2, 8]},
            "faces": {
                "west": {"uv": [0, 0, 16, 16], "texture": "#torch_flame_e"}
            }
        },
        {
            "name": "cross",
            "from": [6.22843, 8.2, 8],
            "to": [22.22843, 24.2, 8],
            "shade": false,
            "rotation": {"angle": 0, "axis": "y", "origin": [14.22843, 12.2, 8]},
            "faces": {
                "north": {"uv": [0, 0, 16, 16], "texture": "#torch_flame_e"},
                "south": {"uv": [0, 0, 16, 16], "texture": "#torch_flame_e"}
            }
        }
    ],
    "gui_light": "front",
    "display": {
        "thirdperson_righthand": {
            "rotation": [0, 90, 55],
            "translation": [0, 2.75, 3.5],
            "scale": [0.5, 0.5, 0.5]
        },
        "thirdperson_lefthand": {
            "rotation": [0, -90, -55],
            "translation": [0, 2.75, 3.5],
            "scale": [0.5, 0.5, 0.5]
        },
        "firstperson_righthand": {
            "rotation": [-180, 82, -177],
            "translation": [3.75, 1, 1.5],
            "scale": [0.5, 0.5, 0.5]
        },
        "firstperson_lefthand": {
            "rotation": [0, -78, 3],
            "translation": [3.75, 1, 1.5],
            "scale": [0.5, 0.5, 0.5]
        },
        "ground": {
            "translation": [0, 1.75, 0],
            "scale": [0.5, 0.5, 0.5]
        },
        "gui": {
            "rotation": [45, -90, 0],
            "translation": [0, 8.25, 0],
            "scale": [4, 4, 4]
        },
        "head": {
            "rotation": [0, 90, 0],
            "translation": [0, 9.5, -7.75],
            "scale": [0.75, 0.75, 0.75]
        },
        "fixed": {
            "translation": [0, 1.5, 0],
            "scale": [0.5, 0.5, 0.5]
        }
    },
    "groups": [
        {
            "name": "torch",
            "origin": [8, 8, 8],
            "color": 0,
            "children": [
                {
                    "name": "torch",
                    "origin": [8, 8, 8],
                    "color": 0,
                    "children": [
                        {
                            "name": "torch",
                            "origin": [8, 8, 8],
                            "color": 0,
                            "children": [0, 1, 2, 3, 4, 5, 6, 7]
                        }
                    ]
                }
            ]
        }
    ]
}
