{
    "textures": {
        "particle": "item/totem_of_undying",
        "lantern": "item/totem_of_undying_model"
    },
    "elements": [
        {
            "from": [6, 6, 6],
            "to": [10, 6, 10],
            "shade": false,
            "faces": {
                "down": {"uv": [8, 0, 16, 8], "texture": "#lantern"}
            }
        },
        {
            "from": [6, 3, 6],
            "to": [10, 7, 10],
            "faces": {
                "north": {"uv": [2, 2, 4, 4], "texture": "#lantern"},
                "east": {"uv": [0, 2, 2, 4], "texture": "#lantern"},
                "south": {"uv": [6, 2, 8, 4], "texture": "#lantern"},
                "west": {"uv": [4, 2, 6, 4], "texture": "#lantern"},
                "up": {"uv": [2, 0, 4, 2], "rotation": 180, "texture": "#lantern"}
            }
        },
        {
            "from": [5.75, 2.75, 5.75],
            "to": [10.25, 7.25, 10.25],
            "faces": {
                "north": {"uv": [2.5, 13.5, 5, 16], "texture": "#lantern"},
                "east": {"uv": [0, 13.5, 2.5, 16], "texture": "#lantern"},
                "south": {"uv": [7.5, 13.5, 10, 16], "texture": "#lantern"},
                "west": {"uv": [5, 13.5, 7.5, 16], "texture": "#lantern"},
                "up": {"uv": [2.5, 11, 5, 13.5], "rotation": 180, "texture": "#lantern"}
            }
        },
        {
            "from": [6.5, 0, 7],
            "to": [9.5, 3, 9],
            "faces": {
                "north": {"uv": [1, 5, 2.5, 7], "texture": "#lantern"},
                "east": {"uv": [0, 5, 1, 7], "texture": "#lantern"},
                "south": {"uv": [3.5, 5, 5, 7], "texture": "#lantern"},
                "west": {"uv": [2.5, 5, 3.5, 7], "texture": "#lantern"},
                "up": {"uv": [1, 4, 2.5, 5], "texture": "#lantern"}
            }
        },
        {
            "from": [8.5, 0, 5],
            "to": [9.5, 1, 7],
            "rotation": {"angle": -22.5, "axis": "y", "origin": [8, 0.5, 7]},
            "faces": {
                "north": {"uv": [3, 8, 3.5, 8.5], "texture": "#lantern"},
                "east": {"uv": [2, 8, 3, 8.5], "texture": "#lantern"},
                "west": {"uv": [3.5, 8, 4.5, 8.5], "texture": "#lantern"},
                "up": {"uv": [3, 7, 3.5, 8], "rotation": 180, "texture": "#lantern"}
            }
        },
        {
            "from": [6.5, 0, 5],
            "to": [7.5, 1, 7],
            "rotation": {"angle": 22.5, "axis": "y", "origin": [8, 0.5, 7]},
            "faces": {
                "north": {"uv": [3, 9.5, 3.5, 10], "texture": "#lantern"},
                "east": {"uv": [2, 9.5, 3, 10], "texture": "#lantern"},
                "west": {"uv": [3.5, 9.5, 4.5, 10], "texture": "#lantern"},
                "up": {"uv": [3, 8.5, 3.5, 9.5], "rotation": 180, "texture": "#lantern"}
            }
        },
        {
            "from": [4, 0, 8],
            "to": [12, 10, 8.1],
            "faces": {
                "north": {"uv": [12, 11, 16, 16], "texture": "#lantern"},
                "south": {"uv": [16, 11, 12, 16], "texture": "#lantern"}
            }
        },
        {
            "from": [9, 0, 6.25],
            "to": [10, 2, 7.25],
            "rotation": {"angle": 45, "axis": "x", "origin": [8, 1, 8]},
            "faces": {
                "north": {"uv": [0.5, 7.5, 1, 8.5], "texture": "#lantern"},
                "east": {"uv": [0, 7.5, 0.5, 8.5], "texture": "#lantern"},
                "west": {"uv": [1, 7.5, 1.5, 8.5], "texture": "#lantern"},
                "up": {"uv": [0.5, 7, 1, 7.5], "texture": "#lantern"}
            }
        },
        {
            "from": [6, 0, 6.25],
            "to": [7, 2, 7.25],
            "rotation": {"angle": 45, "axis": "x", "origin": [8, 1, 8]},
            "faces": {
                "north": {"uv": [0.5, 9, 1, 10], "texture": "#lantern"},
                "east": {"uv": [0, 9, 0.5, 10], "texture": "#lantern"},
                "west": {"uv": [1, 9, 1.5, 10], "texture": "#lantern"},
                "up": {"uv": [0.5, 8.5, 1, 9], "texture": "#lantern"}
            }
        },
        {
            "from": [7.5, 1, 8.75],
            "to": [8.5, 2, 11.75],
            "rotation": {"angle": 45, "axis": "x", "origin": [8, 1, 8]},
            "faces": {
                "north": {"uv": [10.5, 12.5, 11, 13], "rotation": 270, "texture": "#lantern"},
                "east": {"uv": [11, 13, 11.5, 14.5], "rotation": 90, "texture": "#lantern"},
                "west": {"uv": [10, 13, 10.5, 14.5], "rotation": 270, "texture": "#lantern"},
                "up": {"uv": [10.5, 13, 11, 14.5], "texture": "#lantern"}
            }
        },
        {
            "from": [7.4, -1.98744, 10.44454],
            "to": [8.4, -0.98744, 13.44454],
            "rotation": {"angle": -22.5, "axis": "x", "origin": [8, -0.23744, 9.94454]},
            "faces": {
                "east": {"uv": [11, 14.5, 11.5, 16], "rotation": 90, "texture": "#lantern"},
                "south": {"uv": [10.5, 15.5, 11, 16], "texture": "#lantern"},
                "west": {"uv": [10, 14.5, 10.5, 16], "rotation": 270, "texture": "#lantern"},
                "up": {"uv": [10, 14.5, 10.5, 16], "texture": "#lantern"}
            }
        },
        {
            "from": [7, 0, 6.25],
            "to": [9, 1, 7.25],
            "rotation": {"angle": 45, "axis": "x", "origin": [8, 1, 8]},
            "faces": {
                "north": {"uv": [0.5, 10.5, 1.5, 11], "texture": "#lantern"},
                "up": {"uv": [0.5, 10, 1.5, 10.5], "rotation": 180, "texture": "#lantern"}
            }
        },
        {
            "from": [7.5, 2, 5],
            "to": [8.5, 4, 6],
            "faces": {
                "north": {"uv": [0.5, 12, 1, 13], "texture": "#lantern"},
                "east": {"uv": [0, 12, 0.5, 13], "texture": "#lantern"},
                "south": {"uv": [1.5, 12.5, 2, 13], "texture": "#lantern"},
                "west": {"uv": [1, 12, 1.5, 13], "texture": "#lantern"},
                "up": {"uv": [0.5, 11.5, 1, 12], "texture": "#lantern"}
            }
        },
        {
            "from": [7, 3, 4],
            "to": [9, 5, 6],
            "faces": {
                "north": {"uv": [13, 9.5, 14, 10.5], "texture": "#lantern"},
                "east": {"uv": [12, 9.5, 13, 10.5], "texture": "#lantern"},
                "west": {"uv": [14, 9.5, 15, 10.5], "texture": "#lantern"},
                "up": {"uv": [13, 8.5, 14, 9.5], "rotation": 180, "texture": "#lantern"}
            }
        },
        {
            "from": [10, 2, 7.25],
            "to": [9, 0, 6.25],
            "rotation": {"angle": 45, "axis": "x", "origin": [8, 1, 8]},
            "faces": {
                "north": {"uv": [1, 8, 1.5, 8.5], "texture": "#lantern"},
                "east": {"uv": [1, 8, 1.5, 8.5], "texture": "#lantern"},
                "west": {"uv": [1, 8, 1.5, 8.5], "texture": "#lantern"}
            }
        },
        {
            "from": [7, 2, 7.25],
            "to": [6, 0, 6.25],
            "rotation": {"angle": 45, "axis": "x", "origin": [8, 1, 8]},
            "faces": {
                "north": {"uv": [0, 9.5, 0.5, 10], "texture": "#lantern"},
                "east": {"uv": [0, 9.5, 0.5, 10], "texture": "#lantern"},
                "west": {"uv": [0, 9.5, 0.5, 10], "texture": "#lantern"}
            }
        },
        {
            "from": [9, 5, 6],
            "to": [7, 3, 4],
            "faces": {
                "east": {"uv": [12, 8.5, 12.5, 9], "texture": "#lantern"},
                "south": {"uv": [12, 8.5, 12.5, 9], "texture": "#lantern"},
                "west": {"uv": [12, 8.5, 12.5, 9], "texture": "#lantern"}
            }
        }
    ],
    "gui_light": "front",
    "display": {
        "thirdperson_righthand": {
            "rotation": [63.5, 0, 0],
            "translation": [0.5, 2.5, 18.75]
        },
        "thirdperson_lefthand": {
            "rotation": [63.5, 0, 0],
            "translation": [0.5, 2.5, 18.75]
        },
        "firstperson_righthand": {
            "rotation": [0, 24, 2.5],
            "translation": [-1.5, 8.75, 7],
            "scale": [0.7, 0.7, 0.7]
        },
        "firstperson_lefthand": {
            "rotation": [0, 24, 2.5],
            "translation": [-1.5, 8.75, 7],
            "scale": [0.7, 0.7, 0.7]
        },
        "ground": {
            "translation": [0, 5, 0]
        },
        "gui": {
            "rotation": [270, 0, 0],
            "scale": [4, 1.4, 4]
        },
        "head": {
            "translation": [0, 22.25, -0.25],
            "scale": [2, 2, 2]
        },
        "fixed": {
            "translation": [0, 7, 0],
            "scale": [1, 1, 1]
        }
    }
}
